{
   "feed_streams": [
      {
         "ID": 1,
         "comps": [
            "A",
            "B",
            "C",
            "D"
         ]
      }
   ],
   "product_streams": [
      {
         "ID": 3,
         "comps": [
            "A",
            "B"
         ]
      },
      {
         "ID": 4,
         "comps": [
            "B",
            "C"
         ]
      }
   ],
   "dividers": [
      {
         "ID": 233571628895720195130560107051323704456,
         "comps": [
            "A",
            "B",
            "C",
            "D"
         ],
         "layer": 1
      },
      {
         "ID": 35131029800750310316201598566725161366,
         "comps": [
            "A"
         ],
         "layer": 2
      },
      {
         "ID": 65660450580990183825767984131189403639,
         "comps": [
            "B",
            "C",
            "D"
         ],
         "layer": 2
      },
      {
         "ID": 175618541000354570939289406222934727605,
         "comps": [
            "A",
            "B"
         ],
         "layer": 2
      },
      {
         "ID": 49506959493930373516585433952621678370,
         "comps": [
            "C",
            "D"
         ],
         "layer": 2
      },
      {
         "ID": 219589804260861977670553672466270477480,
         "comps": [
            "A",
            "B",
            "C"
         ],
         "layer": 2
      },
      {
         "ID": 84458453049380017077081889928871924681,
         "comps": [
            "D"
         ],
         "layer": 2
      },
      {
         "ID": 192476338368417311981794252640499031592,
         "comps": [
            "B"
         ],
         "layer": 3
      },
      {
         "ID": 68411904789372190299205989149652546354,
         "comps": [
            "C",
            "D"
         ],
         "layer": 3
      },
      {
         "ID": 137671222228944447939552125290884044699,
         "comps": [
            "B",
            "C"
         ],
         "layer": 3
      },
      {
         "ID": 266893569851104978989782031897773029869,
         "comps": [
            "D"
         ],
         "layer": 3
      },
      {
         "ID": 209935326154655152352577783305269774348,
         "comps": [
            "A"
         ],
         "layer": 3
      },
      {
         "ID": 98729610793938777265139701951646497943,
         "comps": [
            "B"
         ],
         "layer": 3
      },
      {
         "ID": 179907563945547836282172221028614480394,
         "comps": [
            "C"
         ],
         "layer": 3
      },
      {
         "ID": 280108873126301372345211132502721578342,
         "comps": [
            "D"
         ],
         "layer": 3
      },
      {
         "ID": 142368639320562876312028145092949227076,
         "comps": [
            "A"
         ],
         "layer": 3
      },
      {
         "ID": 108608667954534563344626879834408251671,
         "comps": [
            "B",
            "C"
         ],
         "layer": 3
      },
      {
         "ID": 56322817542624201882037332181427977533,
         "comps": [
            "A",
            "B"
         ],
         "layer": 3
      },
      {
         "ID": 106680904351337503598416876147537433959,
         "comps": [
            "C"
         ],
         "layer": 3
      },
      {
         "ID": 77491262905683891226979298399407846671,
         "comps": [
            "C"
         ],
         "layer": 4
      },
      {
         "ID": 304409260666431760520219673101434302135,
         "comps": [
            "D"
         ],
         "layer": 4
      },
      {
         "ID": 322452313271179770155289356905219676721,
         "comps": [
            "B"
         ],
         "layer": 4
      },
      {
         "ID": 230290780378854069854033414343425731307,
         "comps": [
            "C"
         ],
         "layer": 4
      },
      {
         "ID": 292199150766459307776820146132527939411,
         "comps": [
            "B"
         ],
         "layer": 4
      },
      {
         "ID": 166127663733210261948818004201378153541,
         "comps": [
            "C"
         ],
         "layer": 4
      },
      {
         "ID": 203863337224653440961951684282047409765,
         "comps": [
            "A"
         ],
         "layer": 4
      },
      {
         "ID": 285914050286311463258695253658839982847,
         "comps": [
            "B"
         ],
         "layer": 4
      }
   ],
   "separators": [
      {
         "ID": 152311518417796034823291239156336483133,
         "input": [
            "A",
            "B",
            "C",
            "D"
         ],
         "cuts_at": 1,
         "output": [
            [
               "A"
            ],
            [
               "B",
               "C",
               "D"
            ]
         ],
         "layer": 2
      },
      {
         "ID": 300093901140829759850724190166639429454,
         "input": [
            "A",
            "B",
            "C",
            "D"
         ],
         "cuts_at": 2,
         "output": [
            [
               "A",
               "B"
            ],
            [
               "C",
               "D"
            ]
         ],
         "layer": 2
      },
      {
         "ID": 293027779091857849291674683629395889199,
         "input": [
            "A",
            "B",
            "C",
            "D"
         ],
         "cuts_at": 3,
         "output": [
            [
               "A",
               "B",
               "C"
            ],
            [
               "D"
            ]
         ],
         "layer": 2
      },
      {
         "ID": 215440631087251173513253760981682938123,
         "input": [
            "B",
            "C",
            "D"
         ],
         "cuts_at": 1,
         "output": [
            [
               "B"
            ],
            [
               "C",
               "D"
            ]
         ],
         "layer": 3
      },
      {
         "ID": 120818349561325809047663239919512104159,
         "input": [
            "B",
            "C",
            "D"
         ],
         "cuts_at": 2,
         "output": [
            [
               "B",
               "C"
            ],
            [
               "D"
            ]
         ],
         "layer": 3
      },
      {
         "ID": 321750430332952941826440871966739283995,
         "input": [
            "A",
            "B"
         ],
         "cuts_at": 1,
         "output": [
            [
               "A"
            ],
            [
               "B"
            ]
         ],
         "layer": 3
      },
      {
         "ID": 188293227919109993577861946359083675483,
         "input": [
            "C",
            "D"
         ],
         "cuts_at": 1,
         "output": [
            [
               "C"
            ],
            [
               "D"
            ]
         ],
         "layer": 3
      },
      {
         "ID": 13201323703755473863589675241023181742,
         "input": [
            "A",
            "B",
            "C"
         ],
         "cuts_at": 1,
         "output": [
            [
               "A"
            ],
            [
               "B",
               "C"
            ]
         ],
         "layer": 3
      },
      {
         "ID": 127390571906726208035999284116458074885,
         "input": [
            "A",
            "B",
            "C"
         ],
         "cuts_at": 2,
         "output": [
            [
               "A",
               "B"
            ],
            [
               "C"
            ]
         ],
         "layer": 3
      },
      {
         "ID": 16389516603835038037137964050360407209,
         "input": [
            "C",
            "D"
         ],
         "cuts_at": 1,
         "output": [
            [
               "C"
            ],
            [
               "D"
            ]
         ],
         "layer": 4
      },
      {
         "ID": 110173356551703538641197723492464281596,
         "input": [
            "B",
            "C"
         ],
         "cuts_at": 1,
         "output": [
            [
               "B"
            ],
            [
               "C"
            ]
         ],
         "layer": 4
      },
      {
         "ID": 233343182947365816128979246674042215326,
         "input": [
            "B",
            "C"
         ],
         "cuts_at": 1,
         "output": [
            [
               "B"
            ],
            [
               "C"
            ]
         ],
         "layer": 4
      },
      {
         "ID": 158291914545287361563989070730459681249,
         "input": [
            "A",
            "B"
         ],
         "cuts_at": 1,
         "output": [
            [
               "A"
            ],
            [
               "B"
            ]
         ],
         "layer": 4
      }
   ],
   "mixers": [
      {
         "ID": 123815833914814589289762318621568376082,
         "input": [
            "A",
            "B"
         ],
         "layer": 5
      },
      {
         "ID": 140614530241351424645372931480686502950,
         "input": [
            "B",
            "C"
         ],
         "layer": 5
      }
   ],
   "connections": [
      {
         "ID": 50777976074851091495395162303359196814,
         "from_id": 1,
         "to_id": 233571628895720195130560107051323704456
      },
      {
         "ID": 203024230963983584593128601817537018753,
         "from_id": 233571628895720195130560107051323704456,
         "to_id": 152311518417796034823291239156336483133
      },
      {
         "ID": 255148647657476753627252961868480616604,
         "from_id": 233571628895720195130560107051323704456,
         "to_id": 300093901140829759850724190166639429454
      },
      {
         "ID": 280557727919381018906807696799766074467,
         "from_id": 233571628895720195130560107051323704456,
         "to_id": 293027779091857849291674683629395889199
      },
      {
         "ID": 166504085615155712829050551117391850920,
         "from_id": 152311518417796034823291239156336483133,
         "to_id": 35131029800750310316201598566725161366
      },
      {
         "ID": 57610715575469704275743855706723382590,
         "from_id": 152311518417796034823291239156336483133,
         "to_id": 65660450580990183825767984131189403639
      },
      {
         "ID": 238041703514475790828618274821475012407,
         "from_id": 300093901140829759850724190166639429454,
         "to_id": 175618541000354570939289406222934727605
      },
      {
         "ID": 167084660304251437948640569502715994336,
         "from_id": 300093901140829759850724190166639429454,
         "to_id": 49506959493930373516585433952621678370
      },
      {
         "ID": 2096612080476055928611493177916198346,
         "from_id": 293027779091857849291674683629395889199,
         "to_id": 219589804260861977670553672466270477480
      },
      {
         "ID": 208248770593700732702810163446639406890,
         "from_id": 293027779091857849291674683629395889199,
         "to_id": 84458453049380017077081889928871924681
      },
      {
         "ID": 146622513771679097921050190210010738572,
         "from_id": 65660450580990183825767984131189403639,
         "to_id": 215440631087251173513253760981682938123
      },
      {
         "ID": 30615633186317965990317175321598322797,
         "from_id": 65660450580990183825767984131189403639,
         "to_id": 120818349561325809047663239919512104159
      },
      {
         "ID": 206514716890495611748311695952891438100,
         "from_id": 175618541000354570939289406222934727605,
         "to_id": 321750430332952941826440871966739283995
      },
      {
         "ID": 172286400410776477463858055320223756599,
         "from_id": 49506959493930373516585433952621678370,
         "to_id": 188293227919109993577861946359083675483
      },
      {
         "ID": 201319669833525966846256766580955349564,
         "from_id": 219589804260861977670553672466270477480,
         "to_id": 13201323703755473863589675241023181742
      },
      {
         "ID": 337037481868575515987751407376659797536,
         "from_id": 219589804260861977670553672466270477480,
         "to_id": 127390571906726208035999284116458074885
      },
      {
         "ID": 148452710417408598003428073958357721127,
         "from_id": 215440631087251173513253760981682938123,
         "to_id": 192476338368417311981794252640499031592
      },
      {
         "ID": 90836106880242533618260260783327153159,
         "from_id": 215440631087251173513253760981682938123,
         "to_id": 68411904789372190299205989149652546354
      },
      {
         "ID": 105580804742630022239831280966607916031,
         "from_id": 120818349561325809047663239919512104159,
         "to_id": 137671222228944447939552125290884044699
      },
      {
         "ID": 142635001518142674678004967967412487336,
         "from_id": 120818349561325809047663239919512104159,
         "to_id": 266893569851104978989782031897773029869
      },
      {
         "ID": 17281360109281897854190856979623672651,
         "from_id": 321750430332952941826440871966739283995,
         "to_id": 209935326154655152352577783305269774348
      },
      {
         "ID": 325644265252873206567199076215039534804,
         "from_id": 321750430332952941826440871966739283995,
         "to_id": 98729610793938777265139701951646497943
      },
      {
         "ID": 327394044159199070359863156803790270176,
         "from_id": 188293227919109993577861946359083675483,
         "to_id": 179907563945547836282172221028614480394
      },
      {
         "ID": 27846276029046367221500785562432292869,
         "from_id": 188293227919109993577861946359083675483,
         "to_id": 280108873126301372345211132502721578342
      },
      {
         "ID": 238070719821809085667582542949133327229,
         "from_id": 13201323703755473863589675241023181742,
         "to_id": 142368639320562876312028145092949227076
      },
      {
         "ID": 155629114905337079036383055815408740512,
         "from_id": 13201323703755473863589675241023181742,
         "to_id": 108608667954534563344626879834408251671
      },
      {
         "ID": 156681087925679374417347842681999625263,
         "from_id": 127390571906726208035999284116458074885,
         "to_id": 56322817542624201882037332181427977533
      },
      {
         "ID": 204869045854992824789343746414457420731,
         "from_id": 127390571906726208035999284116458074885,
         "to_id": 106680904351337503598416876147537433959
      },
      {
         "ID": 63979663533253523792123585250781383072,
         "from_id": 68411904789372190299205989149652546354,
         "to_id": 16389516603835038037137964050360407209
      },
      {
         "ID": 32310641050168400120742420509664697162,
         "from_id": 137671222228944447939552125290884044699,
         "to_id": 110173356551703538641197723492464281596
      },
      {
         "ID": 300453029785184830970386163618252199209,
         "from_id": 108608667954534563344626879834408251671,
         "to_id": 233343182947365816128979246674042215326
      },
      {
         "ID": 98893396123109923562130270295116004325,
         "from_id": 56322817542624201882037332181427977533,
         "to_id": 158291914545287361563989070730459681249
      },
      {
         "ID": 324756506606089241116840035199855632246,
         "from_id": 16389516603835038037137964050360407209,
         "to_id": 77491262905683891226979298399407846671
      },
      {
         "ID": 31765884204467869686876360138283688945,
         "from_id": 16389516603835038037137964050360407209,
         "to_id": 304409260666431760520219673101434302135
      },
      {
         "ID": 35280495644368627498146241470874604777,
         "from_id": 110173356551703538641197723492464281596,
         "to_id": 322452313271179770155289356905219676721
      },
      {
         "ID": 6573619198151461574505859426259865980,
         "from_id": 110173356551703538641197723492464281596,
         "to_id": 230290780378854069854033414343425731307
      },
      {
         "ID": 328714591097657417301193020607428484674,
         "from_id": 233343182947365816128979246674042215326,
         "to_id": 292199150766459307776820146132527939411
      },
      {
         "ID": 4216247735670560770627911427226578237,
         "from_id": 233343182947365816128979246674042215326,
         "to_id": 166127663733210261948818004201378153541
      },
      {
         "ID": 196612515182945433880642857959955765109,
         "from_id": 158291914545287361563989070730459681249,
         "to_id": 203863337224653440961951684282047409765
      },
      {
         "ID": 278270857999112305465176397956548864159,
         "from_id": 158291914545287361563989070730459681249,
         "to_id": 285914050286311463258695253658839982847
      },
      {
         "ID": 172829652983898431889234279935005144250,
         "from_id": 35131029800750310316201598566725161366,
         "to_id": 123815833914814589289762318621568376082
      },
      {
         "ID": 318077666542079859021306140471962923792,
         "from_id": 175618541000354570939289406222934727605,
         "to_id": 123815833914814589289762318621568376082
      },
      {
         "ID": 68149804298780563766145568857867131227,
         "from_id": 192476338368417311981794252640499031592,
         "to_id": 123815833914814589289762318621568376082
      },
      {
         "ID": 306967254501465370275422162742210009167,
         "from_id": 192476338368417311981794252640499031592,
         "to_id": 140614530241351424645372931480686502950
      },
      {
         "ID": 59885415571183631661220543656648731773,
         "from_id": 137671222228944447939552125290884044699,
         "to_id": 140614530241351424645372931480686502950
      },
      {
         "ID": 182473784698930124601203450531277400082,
         "from_id": 209935326154655152352577783305269774348,
         "to_id": 123815833914814589289762318621568376082
      },
      {
         "ID": 83429010524575422134389528397299148086,
         "from_id": 98729610793938777265139701951646497943,
         "to_id": 123815833914814589289762318621568376082
      },
      {
         "ID": 72158149227721305387969377305377946063,
         "from_id": 98729610793938777265139701951646497943,
         "to_id": 140614530241351424645372931480686502950
      },
      {
         "ID": 258450694504180309314170681699114079952,
         "from_id": 179907563945547836282172221028614480394,
         "to_id": 140614530241351424645372931480686502950
      },
      {
         "ID": 284388614822637439206560875095261258329,
         "from_id": 142368639320562876312028145092949227076,
         "to_id": 123815833914814589289762318621568376082
      },
      {
         "ID": 273078756461302548410732201844551669173,
         "from_id": 108608667954534563344626879834408251671,
         "to_id": 140614530241351424645372931480686502950
      },
      {
         "ID": 334459520344412872018132001559362714860,
         "from_id": 56322817542624201882037332181427977533,
         "to_id": 123815833914814589289762318621568376082
      },
      {
         "ID": 136661157527323541848163665730539785440,
         "from_id": 106680904351337503598416876147537433959,
         "to_id": 140614530241351424645372931480686502950
      },
      {
         "ID": 276329606537215780055403825481175393309,
         "from_id": 77491262905683891226979298399407846671,
         "to_id": 140614530241351424645372931480686502950
      },
      {
         "ID": 340192849035104347799306311928490956597,
         "from_id": 322452313271179770155289356905219676721,
         "to_id": 123815833914814589289762318621568376082
      },
      {
         "ID": 265246209861424818342498043519489049280,
         "from_id": 322452313271179770155289356905219676721,
         "to_id": 140614530241351424645372931480686502950
      },
      {
         "ID": 312100889856599813186216074264764726731,
         "from_id": 230290780378854069854033414343425731307,
         "to_id": 140614530241351424645372931480686502950
      },
      {
         "ID": 110868571166820236140297734100200819389,
         "from_id": 292199150766459307776820146132527939411,
         "to_id": 123815833914814589289762318621568376082
      },
      {
         "ID": 110824352825126833430268339251530629760,
         "from_id": 292199150766459307776820146132527939411,
         "to_id": 140614530241351424645372931480686502950
      },
      {
         "ID": 194841935761743029388328079209316200399,
         "from_id": 166127663733210261948818004201378153541,
         "to_id": 140614530241351424645372931480686502950
      },
      {
         "ID": 60671071540427386749884930536737879203,
         "from_id": 203863337224653440961951684282047409765,
         "to_id": 123815833914814589289762318621568376082
      },
      {
         "ID": 181336198651959358924829845232766721612,
         "from_id": 285914050286311463258695253658839982847,
         "to_id": 123815833914814589289762318621568376082
      },
      {
         "ID": 99383440565753360722225376492722619022,
         "from_id": 285914050286311463258695253658839982847,
         "to_id": 140614530241351424645372931480686502950
      }
   ],
   "layers": 5,
   "max_divs_in_single_layer": 12
}